{"train/loss": 0.6931, "train/grad_norm": 0.0, "train/learning_rate": 0.0, "train/rewards/chosen": 0.0, "train/rewards/rejected": 0.0, "train/rewards/accuracies": 0.0, "train/rewards/margins": 0.0, "train/logps/rejected": -127.28416442871094, "train/logps/chosen": -74.44596862792969, "train/logits/rejected": -2.429892063140869, "train/logits/chosen": -2.466029167175293, "train/epoch": 21.05263157894737, "train/global_step": 200, "_timestamp": 1715164278.0821106, "_runtime": 4318.89585852623, "_step": 200, "train_runtime": 4318.9083, "train_samples_per_second": 0.741, "train_steps_per_second": 0.046, "total_flos": 0.0, "train_loss": 0.6931471824645996, "_wandb": {"runtime": 4327}}